{
    "data": [
        {
            "id": "1",
            "title": "Project X (release)",
            "icon": {"type": "emoji", "emoji": "🚀"},
            "public_description": "This is the initial project.",
            "stage": "👷 In development / drafting",
            "quarter": "Q2/FY24 (May - Jul 2023)"
        },
        {
            "id": "2",
            "title": "Project Y",
            "icon": {"type": "emoji", "emoji": "🔥"},
            "public_description": "This is the our the best project we've done.",
            "stage": "✅ Done / launched / published",
            "quarter": "Q1/FY24 (Feb - Apr 2023)"
        },
        {
            "id": "3",
            "title": "Project Z (experimental release)",
            "icon": {"type": "emoji", "emoji": "🧪"},
            "public_description": "This is an experimental project.",
            "stage": "👟 👷 In testing / review",
            "quarter": "Q1/FY25 (Feb - Apr 2024)"
        },
        {
            "id": "4",
            "title": "Project α (experimental release)",
            "icon": {"type": "emoji", "emoji": "😎"},
            "public_description": "Super Cool! R&D Project",
            "stage": "👟 Scoping / speccing",
            "quarter": "Future"
        },
        {
            "id": "5",
            "title": "Project β",
            "icon": {"type": "emoji", "emoji": "🚀"},
            "public_description": "Exciting new project in the pipeline!",
            "stage": "👷 In development / drafting",
            "quarter": "Future"
        },
        {
            "id": "6",
            "title": "Project Gamma",
            "icon": {"type": "emoji", "emoji": "🌟"},
            "public_description": "Revolutionizing the way we approach challenges.",
            "stage": "👟 Scoping / speccing",
            "quarter": "Q3/FY25 (Aug - Oct 2024)"
        },
        {   "id": "7",
            "title": "Project Delta (release)",
            "icon": {"type": "emoji", "emoji": "💡"},
            "public_description": "Illuminating the path to innovation.",
            "stage": "✅ Done / launched / published",
            "quarter": "Q2/FY25 (May - Jul 2024)"
        },
        {   "id": "8",
            "title": "Project Epsilon",
            "icon": {"type": "emoji", "emoji": "🔒"},
            "public_description": "Securing the future of technology.",
            "stage": "👷 In development / drafting",
            "quarter": "Future"
        },
        {   "id": "9",
            "title": "Project Zeta (experimental release)",
            "icon": {"type": "emoji", "emoji": "🧠"},
            "public_description": "Exploring the depths of AI.",
            "stage": "👟 👷 In testing / review",
            "quarter": "Q3/FY25 (Aug - Oct 2024)"
        },
        {   "id": "10",
            "title": "Project Eta",
            "icon": {"type": "emoji", "emoji": "🚀"},
            "public_description": "A leap towards space exploration.",
            "stage": "👷 In development / drafting",
            "quarter": "Future"
        }
    ]
}