release_date,release_type,release_link
August 08 2024,announcement,https://cloud.google.com/composer/docs/release-notes#August_08_2024
August 08 2024,fixed,https://cloud.google.com/composer/docs/release-notes#August_08_2024
August 08 2024,changed,https://cloud.google.com/composer/docs/release-notes#August_08_2024
August 08 2024,changed,https://cloud.google.com/composer/docs/release-notes#August_08_2024
August 08 2024,changed,https://cloud.google.com/composer/docs/release-notes#August_08_2024
August 08 2024,deprecated,https://cloud.google.com/composer/docs/release-notes#August_08_2024
August 01 2024,announcement,https://cloud.google.com/composer/docs/release-notes#August_01_2024
August 01 2024,announcement,https://cloud.google.com/composer/docs/release-notes#August_01_2024
August 01 2024,feature,https://cloud.google.com/composer/docs/release-notes#August_01_2024
August 01 2024,fixed,https://cloud.google.com/composer/docs/release-notes#August_01_2024
August 01 2024,changed,https://cloud.google.com/composer/docs/release-notes#August_01_2024
August 01 2024,changed,https://cloud.google.com/composer/docs/release-notes#August_01_2024
August 01 2024,deprecated,https://cloud.google.com/composer/docs/release-notes#August_01_2024
July 25 2024,fixed,https://cloud.google.com/composer/docs/release-notes#July_25_2024
July 25 2024,changed,https://cloud.google.com/composer/docs/release-notes#July_25_2024
July 25 2024,changed,https://cloud.google.com/composer/docs/release-notes#July_25_2024
July 25 2024,deprecated,https://cloud.google.com/composer/docs/release-notes#July_25_2024
July 24 2024,issue,https://cloud.google.com/composer/docs/release-notes#July_24_2024
July 18 2024,changed,https://cloud.google.com/composer/docs/release-notes#July_18_2024
July 17 2024,feature,https://cloud.google.com/composer/docs/release-notes#July_17_2024
July 17 2024,changed,https://cloud.google.com/composer/docs/release-notes#July_17_2024
July 17 2024,changed,https://cloud.google.com/composer/docs/release-notes#July_17_2024
July 17 2024,changed,https://cloud.google.com/composer/docs/release-notes#July_17_2024
July 17 2024,changed,https://cloud.google.com/composer/docs/release-notes#July_17_2024
July 17 2024,changed,https://cloud.google.com/composer/docs/release-notes#July_17_2024
July 17 2024,changed,https://cloud.google.com/composer/docs/release-notes#July_17_2024
July 17 2024,changed,https://cloud.google.com/composer/docs/release-notes#July_17_2024
July 17 2024,changed,https://cloud.google.com/composer/docs/release-notes#July_17_2024
July 17 2024,deprecated,https://cloud.google.com/composer/docs/release-notes#July_17_2024
July 15 2024,deprecated,https://cloud.google.com/composer/docs/release-notes#July_15_2024
July 09 2024,changed,https://cloud.google.com/composer/docs/release-notes#July_09_2024
July 09 2024,changed,https://cloud.google.com/composer/docs/release-notes#July_09_2024
July 03 2024,changed,https://cloud.google.com/composer/docs/release-notes#July_03_2024
July 02 2024,issue,https://cloud.google.com/composer/docs/release-notes#July_02_2024
July 02 2024,changed,https://cloud.google.com/composer/docs/release-notes#July_02_2024
July 02 2024,changed,https://cloud.google.com/composer/docs/release-notes#July_02_2024
July 02 2024,deprecated,https://cloud.google.com/composer/docs/release-notes#July_02_2024
June 25 2024,feature,https://cloud.google.com/composer/docs/release-notes#June_25_2024
June 20 2024,feature,https://cloud.google.com/composer/docs/release-notes#June_20_2024
June 20 2024,feature,https://cloud.google.com/composer/docs/release-notes#June_20_2024
June 20 2024,changed,https://cloud.google.com/composer/docs/release-notes#June_20_2024
June 20 2024,changed,https://cloud.google.com/composer/docs/release-notes#June_20_2024
June 20 2024,changed,https://cloud.google.com/composer/docs/release-notes#June_20_2024
June 20 2024,changed,https://cloud.google.com/composer/docs/release-notes#June_20_2024
June 20 2024,changed,https://cloud.google.com/composer/docs/release-notes#June_20_2024
June 20 2024,deprecated,https://cloud.google.com/composer/docs/release-notes#June_20_2024
June 20 2024,changed,https://cloud.google.com/composer/docs/release-notes#June_20_2024
June 14 2024,feature,https://cloud.google.com/composer/docs/release-notes#June_14_2024
June 05 2024,changed,https://cloud.google.com/composer/docs/release-notes#June_05_2024
June 05 2024,changed,https://cloud.google.com/composer/docs/release-notes#June_05_2024
June 05 2024,changed,https://cloud.google.com/composer/docs/release-notes#June_05_2024
June 05 2024,deprecated,https://cloud.google.com/composer/docs/release-notes#June_05_2024
May 27 2024,feature,https://cloud.google.com/composer/docs/release-notes#May_27_2024
May 27 2024,changed,https://cloud.google.com/composer/docs/release-notes#May_27_2024
May 11 2024,announcement,https://cloud.google.com/composer/docs/release-notes#May_11_2024
May 11 2024,changed,https://cloud.google.com/composer/docs/release-notes#May_11_2024
May 11 2024,fixed,https://cloud.google.com/composer/docs/release-notes#May_11_2024
May 11 2024,changed,https://cloud.google.com/composer/docs/release-notes#May_11_2024
April 29 2024,changed,https://cloud.google.com/composer/docs/release-notes#April_29_2024
April 29 2024,changed,https://cloud.google.com/composer/docs/release-notes#April_29_2024
April 29 2024,changed,https://cloud.google.com/composer/docs/release-notes#April_29_2024
April 29 2024,deprecated,https://cloud.google.com/composer/docs/release-notes#April_29_2024
April 18 2024,feature,https://cloud.google.com/composer/docs/release-notes#April_18_2024
April 18 2024,issue,https://cloud.google.com/composer/docs/release-notes#April_18_2024
April 18 2024,changed,https://cloud.google.com/composer/docs/release-notes#April_18_2024
April 18 2024,fixed,https://cloud.google.com/composer/docs/release-notes#April_18_2024
April 18 2024,deprecated,https://cloud.google.com/composer/docs/release-notes#April_18_2024
April 18 2024,changed,https://cloud.google.com/composer/docs/release-notes#April_18_2024
April 18 2024,changed,https://cloud.google.com/composer/docs/release-notes#April_18_2024
April 18 2024,deprecated,https://cloud.google.com/composer/docs/release-notes#April_18_2024
April 11 2024,announcement,https://cloud.google.com/composer/docs/release-notes#April_11_2024
March 26 2024,feature,https://cloud.google.com/composer/docs/release-notes#March_26_2024
March 26 2024,changed,https://cloud.google.com/composer/docs/release-notes#March_26_2024
March 26 2024,changed,https://cloud.google.com/composer/docs/release-notes#March_26_2024
March 26 2024,deprecated,https://cloud.google.com/composer/docs/release-notes#March_26_2024
March 25 2024,announcement,https://cloud.google.com/composer/docs/release-notes#March_25_2024
March 25 2024,issue,https://cloud.google.com/composer/docs/release-notes#March_25_2024
March 20 2024,feature,https://cloud.google.com/composer/docs/release-notes#March_20_2024
March 19 2024,feature,https://cloud.google.com/composer/docs/release-notes#March_19_2024
March 19 2024,fixed,https://cloud.google.com/composer/docs/release-notes#March_19_2024
March 19 2024,fixed,https://cloud.google.com/composer/docs/release-notes#March_19_2024
March 19 2024,fixed,https://cloud.google.com/composer/docs/release-notes#March_19_2024
March 19 2024,fixed,https://cloud.google.com/composer/docs/release-notes#March_19_2024
March 19 2024,changed,https://cloud.google.com/composer/docs/release-notes#March_19_2024
March 19 2024,changed,https://cloud.google.com/composer/docs/release-notes#March_19_2024
March 19 2024,changed,https://cloud.google.com/composer/docs/release-notes#March_19_2024
March 19 2024,deprecated,https://cloud.google.com/composer/docs/release-notes#March_19_2024
March 19 2024,changed,https://cloud.google.com/composer/docs/release-notes#March_19_2024
March 14 2024,issue,https://cloud.google.com/composer/docs/release-notes#March_14_2024
March 13 2024,deprecated,https://cloud.google.com/composer/docs/release-notes#March_13_2024
March 13 2024,issue,https://cloud.google.com/composer/docs/release-notes#March_13_2024
March 12 2024,fixed,https://cloud.google.com/composer/docs/release-notes#March_12_2024
March 12 2024,changed,https://cloud.google.com/composer/docs/release-notes#March_12_2024
March 12 2024,deprecated,https://cloud.google.com/composer/docs/release-notes#March_12_2024
March 05 2024,breaking,https://cloud.google.com/composer/docs/release-notes#March_05_2024
February 28 2024,announcement,https://cloud.google.com/composer/docs/release-notes#February_28_2024
February 28 2024,changed,https://cloud.google.com/composer/docs/release-notes#February_28_2024
February 28 2024,changed,https://cloud.google.com/composer/docs/release-notes#February_28_2024
February 28 2024,changed,https://cloud.google.com/composer/docs/release-notes#February_28_2024
February 28 2024,fixed,https://cloud.google.com/composer/docs/release-notes#February_28_2024
February 28 2024,changed,https://cloud.google.com/composer/docs/release-notes#February_28_2024
February 28 2024,changed,https://cloud.google.com/composer/docs/release-notes#February_28_2024
February 26 2024,changed,https://cloud.google.com/composer/docs/release-notes#February_26_2024
February 22 2024,fixed,https://cloud.google.com/composer/docs/release-notes#February_22_2024
February 22 2024,changed,https://cloud.google.com/composer/docs/release-notes#February_22_2024
February 15 2024,announcement,https://cloud.google.com/composer/docs/release-notes#February_15_2024
February 15 2024,changed,https://cloud.google.com/composer/docs/release-notes#February_15_2024
February 15 2024,fixed,https://cloud.google.com/composer/docs/release-notes#February_15_2024
February 15 2024,fixed,https://cloud.google.com/composer/docs/release-notes#February_15_2024
February 15 2024,changed,https://cloud.google.com/composer/docs/release-notes#February_15_2024
February 15 2024,deprecated,https://cloud.google.com/composer/docs/release-notes#February_15_2024
February 09 2024,announcement,https://cloud.google.com/composer/docs/release-notes#February_09_2024
February 08 2024,issue,https://cloud.google.com/composer/docs/release-notes#February_08_2024
February 05 2024,feature,https://cloud.google.com/composer/docs/release-notes#February_05_2024
February 05 2024,changed,https://cloud.google.com/composer/docs/release-notes#February_05_2024
February 05 2024,feature,https://cloud.google.com/composer/docs/release-notes#February_05_2024
February 05 2024,announcement,https://cloud.google.com/composer/docs/release-notes#February_05_2024
February 05 2024,changed,https://cloud.google.com/composer/docs/release-notes#February_05_2024
February 05 2024,changed,https://cloud.google.com/composer/docs/release-notes#February_05_2024
February 05 2024,changed,https://cloud.google.com/composer/docs/release-notes#February_05_2024
February 05 2024,changed,https://cloud.google.com/composer/docs/release-notes#February_05_2024
February 05 2024,deprecated,https://cloud.google.com/composer/docs/release-notes#February_05_2024
February 05 2024,changed,https://cloud.google.com/composer/docs/release-notes#February_05_2024
January 31 2024,announcement,https://cloud.google.com/composer/docs/release-notes#January_31_2024
January 25 2024,feature,https://cloud.google.com/composer/docs/release-notes#January_25_2024
January 25 2024,feature,https://cloud.google.com/composer/docs/release-notes#January_25_2024
January 25 2024,changed,https://cloud.google.com/composer/docs/release-notes#January_25_2024
January 25 2024,fixed,https://cloud.google.com/composer/docs/release-notes#January_25_2024
January 25 2024,fixed,https://cloud.google.com/composer/docs/release-notes#January_25_2024
January 25 2024,deprecated,https://cloud.google.com/composer/docs/release-notes#January_25_2024
January 08 2024,fixed,https://cloud.google.com/composer/docs/release-notes#January_08_2024
January 08 2024,fixed,https://cloud.google.com/composer/docs/release-notes#January_08_2024
January 08 2024,fixed,https://cloud.google.com/composer/docs/release-notes#January_08_2024
January 08 2024,changed,https://cloud.google.com/composer/docs/release-notes#January_08_2024
January 08 2024,changed,https://cloud.google.com/composer/docs/release-notes#January_08_2024
January 08 2024,deprecated,https://cloud.google.com/composer/docs/release-notes#January_08_2024
December 07 2023,changed,https://cloud.google.com/composer/docs/release-notes#December_07_2023
December 07 2023,deprecated,https://cloud.google.com/composer/docs/release-notes#December_07_2023
December 01 2023,feature,https://cloud.google.com/composer/docs/release-notes#December_01_2023
December 01 2023,fixed,https://cloud.google.com/composer/docs/release-notes#December_01_2023
December 01 2023,changed,https://cloud.google.com/composer/docs/release-notes#December_01_2023
December 01 2023,changed,https://cloud.google.com/composer/docs/release-notes#December_01_2023
December 01 2023,changed,https://cloud.google.com/composer/docs/release-notes#December_01_2023
December 01 2023,deprecated,https://cloud.google.com/composer/docs/release-notes#December_01_2023
November 30 2023,feature,https://cloud.google.com/composer/docs/release-notes#November_30_2023
November 30 2023,changed,https://cloud.google.com/composer/docs/release-notes#November_30_2023
November 21 2023,announcement,https://cloud.google.com/composer/docs/release-notes#November_21_2023
November 17 2023,announcement,https://cloud.google.com/composer/docs/release-notes#November_17_2023
November 15 2023,announcement,https://cloud.google.com/composer/docs/release-notes#November_15_2023
November 06 2023,changed,https://cloud.google.com/composer/docs/release-notes#November_06_2023
November 06 2023,changed,https://cloud.google.com/composer/docs/release-notes#November_06_2023
November 06 2023,changed,https://cloud.google.com/composer/docs/release-notes#November_06_2023
November 06 2023,deprecated,https://cloud.google.com/composer/docs/release-notes#November_06_2023
October 30 2023,feature,https://cloud.google.com/composer/docs/release-notes#October_30_2023
October 30 2023,changed,https://cloud.google.com/composer/docs/release-notes#October_30_2023
October 30 2023,fixed,https://cloud.google.com/composer/docs/release-notes#October_30_2023
October 30 2023,fixed,https://cloud.google.com/composer/docs/release-notes#October_30_2023
October 30 2023,changed,https://cloud.google.com/composer/docs/release-notes#October_30_2023
October 30 2023,announcement,https://cloud.google.com/composer/docs/release-notes#October_30_2023
October 30 2023,changed,https://cloud.google.com/composer/docs/release-notes#October_30_2023
October 30 2023,deprecated,https://cloud.google.com/composer/docs/release-notes#October_30_2023
October 30 2023,changed,https://cloud.google.com/composer/docs/release-notes#October_30_2023
October 30 2023,deprecated,https://cloud.google.com/composer/docs/release-notes#October_30_2023
October 16 2023,feature,https://cloud.google.com/composer/docs/release-notes#October_16_2023
October 16 2023,changed,https://cloud.google.com/composer/docs/release-notes#October_16_2023
October 16 2023,changed,https://cloud.google.com/composer/docs/release-notes#October_16_2023
October 05 2023,feature,https://cloud.google.com/composer/docs/release-notes#October_05_2023
October 05 2023,fixed,https://cloud.google.com/composer/docs/release-notes#October_05_2023
October 05 2023,changed,https://cloud.google.com/composer/docs/release-notes#October_05_2023
October 03 2023,feature,https://cloud.google.com/composer/docs/release-notes#October_03_2023
September 29 2023,feature,https://cloud.google.com/composer/docs/release-notes#September_29_2023
September 29 2023,changed,https://cloud.google.com/composer/docs/release-notes#September_29_2023
September 29 2023,changed,https://cloud.google.com/composer/docs/release-notes#September_29_2023
September 29 2023,changed,https://cloud.google.com/composer/docs/release-notes#September_29_2023
September 29 2023,deprecated,https://cloud.google.com/composer/docs/release-notes#September_29_2023
September 18 2023,changed,https://cloud.google.com/composer/docs/release-notes#September_18_2023
September 18 2023,changed,https://cloud.google.com/composer/docs/release-notes#September_18_2023
September 18 2023,deprecated,https://cloud.google.com/composer/docs/release-notes#September_18_2023
September 14 2023,announcement,https://cloud.google.com/composer/docs/release-notes#September_14_2023
September 14 2023,fixed,https://cloud.google.com/composer/docs/release-notes#September_14_2023
September 12 2023,feature,https://cloud.google.com/composer/docs/release-notes#September_12_2023
September 08 2023,security,https://cloud.google.com/composer/docs/release-notes#September_08_2023
September 08 2023,fixed,https://cloud.google.com/composer/docs/release-notes#September_08_2023
September 08 2023,changed,https://cloud.google.com/composer/docs/release-notes#September_08_2023
September 08 2023,changed,https://cloud.google.com/composer/docs/release-notes#September_08_2023
September 08 2023,deprecated,https://cloud.google.com/composer/docs/release-notes#September_08_2023
September 07 2023,feature,https://cloud.google.com/composer/docs/release-notes#September_07_2023
September 04 2023,changed,https://cloud.google.com/composer/docs/release-notes#September_04_2023
August 26 2023,issue,https://cloud.google.com/composer/docs/release-notes#August_26_2023
August 22 2023,feature,https://cloud.google.com/composer/docs/release-notes#August_22_2023
August 16 2023,fixed,https://cloud.google.com/composer/docs/release-notes#August_16_2023
August 16 2023,fixed,https://cloud.google.com/composer/docs/release-notes#August_16_2023
August 16 2023,changed,https://cloud.google.com/composer/docs/release-notes#August_16_2023
August 16 2023,changed,https://cloud.google.com/composer/docs/release-notes#August_16_2023
August 16 2023,deprecated,https://cloud.google.com/composer/docs/release-notes#August_16_2023
August 07 2023,feature,https://cloud.google.com/composer/docs/release-notes#August_07_2023
August 07 2023,changed,https://cloud.google.com/composer/docs/release-notes#August_07_2023
August 07 2023,feature,https://cloud.google.com/composer/docs/release-notes#August_07_2023
August 07 2023,fixed,https://cloud.google.com/composer/docs/release-notes#August_07_2023
August 07 2023,changed,https://cloud.google.com/composer/docs/release-notes#August_07_2023
August 07 2023,changed,https://cloud.google.com/composer/docs/release-notes#August_07_2023
August 07 2023,deprecated,https://cloud.google.com/composer/docs/release-notes#August_07_2023
July 31 2023,feature,https://cloud.google.com/composer/docs/release-notes#July_31_2023
July 25 2023,feature,https://cloud.google.com/composer/docs/release-notes#July_25_2023
July 25 2023,feature,https://cloud.google.com/composer/docs/release-notes#July_25_2023
July 25 2023,changed,https://cloud.google.com/composer/docs/release-notes#July_25_2023
July 25 2023,fixed,https://cloud.google.com/composer/docs/release-notes#July_25_2023
July 25 2023,deprecated,https://cloud.google.com/composer/docs/release-notes#July_25_2023
July 25 2023,changed,https://cloud.google.com/composer/docs/release-notes#July_25_2023
July 25 2023,changed,https://cloud.google.com/composer/docs/release-notes#July_25_2023
July 25 2023,deprecated,https://cloud.google.com/composer/docs/release-notes#July_25_2023
July 12 2023,feature,https://cloud.google.com/composer/docs/release-notes#July_12_2023
July 12 2023,fixed,https://cloud.google.com/composer/docs/release-notes#July_12_2023
July 12 2023,changed,https://cloud.google.com/composer/docs/release-notes#July_12_2023
July 12 2023,changed,https://cloud.google.com/composer/docs/release-notes#July_12_2023
July 12 2023,changed,https://cloud.google.com/composer/docs/release-notes#July_12_2023
July 12 2023,deprecated,https://cloud.google.com/composer/docs/release-notes#July_12_2023
July 04 2023,feature,https://cloud.google.com/composer/docs/release-notes#July_04_2023
June 29 2023,feature,https://cloud.google.com/composer/docs/release-notes#June_29_2023
June 29 2023,changed,https://cloud.google.com/composer/docs/release-notes#June_29_2023
June 29 2023,feature,https://cloud.google.com/composer/docs/release-notes#June_29_2023
June 29 2023,feature,https://cloud.google.com/composer/docs/release-notes#June_29_2023
June 29 2023,changed,https://cloud.google.com/composer/docs/release-notes#June_29_2023
June 29 2023,deprecated,https://cloud.google.com/composer/docs/release-notes#June_29_2023
June 20 2023,feature,https://cloud.google.com/composer/docs/release-notes#June_20_2023
June 20 2023,feature,https://cloud.google.com/composer/docs/release-notes#June_20_2023
June 20 2023,changed,https://cloud.google.com/composer/docs/release-notes#June_20_2023
June 20 2023,changed,https://cloud.google.com/composer/docs/release-notes#June_20_2023
June 15 2023,announcement,https://cloud.google.com/composer/docs/release-notes#June_15_2023
June 15 2023,feature,https://cloud.google.com/composer/docs/release-notes#June_15_2023
June 15 2023,changed,https://cloud.google.com/composer/docs/release-notes#June_15_2023
June 15 2023,deprecated,https://cloud.google.com/composer/docs/release-notes#June_15_2023
June 14 2023,feature,https://cloud.google.com/composer/docs/release-notes#June_14_2023
June 09 2023,feature,https://cloud.google.com/composer/docs/release-notes#June_09_2023
June 09 2023,changed,https://cloud.google.com/composer/docs/release-notes#June_09_2023
June 09 2023,fixed,https://cloud.google.com/composer/docs/release-notes#June_09_2023
June 09 2023,changed,https://cloud.google.com/composer/docs/release-notes#June_09_2023
June 09 2023,changed,https://cloud.google.com/composer/docs/release-notes#June_09_2023
June 09 2023,deprecated,https://cloud.google.com/composer/docs/release-notes#June_09_2023
May 30 2023,announcement,https://cloud.google.com/composer/docs/release-notes#May_30_2023
May 30 2023,feature,https://cloud.google.com/composer/docs/release-notes#May_30_2023
May 30 2023,feature,https://cloud.google.com/composer/docs/release-notes#May_30_2023
May 30 2023,changed,https://cloud.google.com/composer/docs/release-notes#May_30_2023
May 30 2023,changed,https://cloud.google.com/composer/docs/release-notes#May_30_2023
May 30 2023,changed,https://cloud.google.com/composer/docs/release-notes#May_30_2023
May 30 2023,deprecated,https://cloud.google.com/composer/docs/release-notes#May_30_2023
May 19 2023,feature,https://cloud.google.com/composer/docs/release-notes#May_19_2023
May 19 2023,feature,https://cloud.google.com/composer/docs/release-notes#May_19_2023
May 19 2023,changed,https://cloud.google.com/composer/docs/release-notes#May_19_2023
May 19 2023,changed,https://cloud.google.com/composer/docs/release-notes#May_19_2023
May 19 2023,changed,https://cloud.google.com/composer/docs/release-notes#May_19_2023
May 19 2023,deprecated,https://cloud.google.com/composer/docs/release-notes#May_19_2023
May 12 2023,changed,https://cloud.google.com/composer/docs/release-notes#May_12_2023
May 12 2023,changed,https://cloud.google.com/composer/docs/release-notes#May_12_2023
May 12 2023,breaking,https://cloud.google.com/composer/docs/release-notes#May_12_2023
May 12 2023,changed,https://cloud.google.com/composer/docs/release-notes#May_12_2023
May 12 2023,changed,https://cloud.google.com/composer/docs/release-notes#May_12_2023
May 12 2023,deprecated,https://cloud.google.com/composer/docs/release-notes#May_12_2023
May 12 2023,deprecated,https://cloud.google.com/composer/docs/release-notes#May_12_2023
April 25 2023,announcement,https://cloud.google.com/composer/docs/release-notes#April_25_2023
April 25 2023,feature,https://cloud.google.com/composer/docs/release-notes#April_25_2023
April 25 2023,fixed,https://cloud.google.com/composer/docs/release-notes#April_25_2023
April 25 2023,changed,https://cloud.google.com/composer/docs/release-notes#April_25_2023
April 18 2023,feature,https://cloud.google.com/composer/docs/release-notes#April_18_2023
April 18 2023,feature,https://cloud.google.com/composer/docs/release-notes#April_18_2023
April 18 2023,changed,https://cloud.google.com/composer/docs/release-notes#April_18_2023
April 18 2023,fixed,https://cloud.google.com/composer/docs/release-notes#April_18_2023
April 18 2023,deprecated,https://cloud.google.com/composer/docs/release-notes#April_18_2023
April 18 2023,deprecated,https://cloud.google.com/composer/docs/release-notes#April_18_2023
April 18 2023,changed,https://cloud.google.com/composer/docs/release-notes#April_18_2023
April 18 2023,deprecated,https://cloud.google.com/composer/docs/release-notes#April_18_2023
April 06 2023,feature,https://cloud.google.com/composer/docs/release-notes#April_06_2023
April 06 2023,fixed,https://cloud.google.com/composer/docs/release-notes#April_06_2023
April 06 2023,fixed,https://cloud.google.com/composer/docs/release-notes#April_06_2023
April 06 2023,changed,https://cloud.google.com/composer/docs/release-notes#April_06_2023
April 06 2023,changed,https://cloud.google.com/composer/docs/release-notes#April_06_2023
April 06 2023,deprecated,https://cloud.google.com/composer/docs/release-notes#April_06_2023
March 31 2023,announcement,https://cloud.google.com/composer/docs/release-notes#March_31_2023
March 27 2023,feature,https://cloud.google.com/composer/docs/release-notes#March_27_2023
March 27 2023,fixed,https://cloud.google.com/composer/docs/release-notes#March_27_2023
March 27 2023,changed,https://cloud.google.com/composer/docs/release-notes#March_27_2023
March 27 2023,changed,https://cloud.google.com/composer/docs/release-notes#March_27_2023
March 27 2023,changed,https://cloud.google.com/composer/docs/release-notes#March_27_2023
March 18 2023,announcement,https://cloud.google.com/composer/docs/release-notes#March_18_2023
March 18 2023,changed,https://cloud.google.com/composer/docs/release-notes#March_18_2023
March 18 2023,changed,https://cloud.google.com/composer/docs/release-notes#March_18_2023
March 18 2023,feature,https://cloud.google.com/composer/docs/release-notes#March_18_2023
March 18 2023,fixed,https://cloud.google.com/composer/docs/release-notes#March_18_2023
March 18 2023,changed,https://cloud.google.com/composer/docs/release-notes#March_18_2023
March 18 2023,fixed,https://cloud.google.com/composer/docs/release-notes#March_18_2023
March 18 2023,changed,https://cloud.google.com/composer/docs/release-notes#March_18_2023
March 18 2023,changed,https://cloud.google.com/composer/docs/release-notes#March_18_2023
March 18 2023,deprecated,https://cloud.google.com/composer/docs/release-notes#March_18_2023
March 18 2023,deprecated,https://cloud.google.com/composer/docs/release-notes#March_18_2023
March 13 2023,fixed,https://cloud.google.com/composer/docs/release-notes#March_13_2023
March 13 2023,fixed,https://cloud.google.com/composer/docs/release-notes#March_13_2023
March 13 2023,changed,https://cloud.google.com/composer/docs/release-notes#March_13_2023
March 13 2023,deprecated,https://cloud.google.com/composer/docs/release-notes#March_13_2023
March 02 2023,changed,https://cloud.google.com/composer/docs/release-notes#March_02_2023
February 24 2023,changed,https://cloud.google.com/composer/docs/release-notes#February_24_2023
February 24 2023,feature,https://cloud.google.com/composer/docs/release-notes#February_24_2023
February 24 2023,changed,https://cloud.google.com/composer/docs/release-notes#February_24_2023
February 24 2023,changed,https://cloud.google.com/composer/docs/release-notes#February_24_2023
February 24 2023,deprecated,https://cloud.google.com/composer/docs/release-notes#February_24_2023
February 14 2023,changed,https://cloud.google.com/composer/docs/release-notes#February_14_2023
February 14 2023,fixed,https://cloud.google.com/composer/docs/release-notes#February_14_2023
February 14 2023,fixed,https://cloud.google.com/composer/docs/release-notes#February_14_2023
February 14 2023,changed,https://cloud.google.com/composer/docs/release-notes#February_14_2023
February 14 2023,deprecated,https://cloud.google.com/composer/docs/release-notes#February_14_2023
February 02 2023,fixed,https://cloud.google.com/composer/docs/release-notes#February_02_2023
February 02 2023,changed,https://cloud.google.com/composer/docs/release-notes#February_02_2023
January 25 2023,feature,https://cloud.google.com/composer/docs/release-notes#January_25_2023
January 25 2023,changed,https://cloud.google.com/composer/docs/release-notes#January_25_2023
January 25 2023,changed,https://cloud.google.com/composer/docs/release-notes#January_25_2023
January 25 2023,fixed,https://cloud.google.com/composer/docs/release-notes#January_25_2023
January 25 2023,changed,https://cloud.google.com/composer/docs/release-notes#January_25_2023
January 25 2023,deprecated,https://cloud.google.com/composer/docs/release-notes#January_25_2023
January 10 2023,fixed,https://cloud.google.com/composer/docs/release-notes#January_10_2023
January 10 2023,changed,https://cloud.google.com/composer/docs/release-notes#January_10_2023
January 10 2023,deprecated,https://cloud.google.com/composer/docs/release-notes#January_10_2023
December 20 2022,fixed,https://cloud.google.com/composer/docs/release-notes#December_20_2022
December 20 2022,changed,https://cloud.google.com/composer/docs/release-notes#December_20_2022
December 15 2022,announcement,https://cloud.google.com/composer/docs/release-notes#December_15_2022
December 13 2022,feature,https://cloud.google.com/composer/docs/release-notes#December_13_2022
December 13 2022,fixed,https://cloud.google.com/composer/docs/release-notes#December_13_2022
December 13 2022,fixed,https://cloud.google.com/composer/docs/release-notes#December_13_2022
December 13 2022,changed,https://cloud.google.com/composer/docs/release-notes#December_13_2022
December 13 2022,deprecated,https://cloud.google.com/composer/docs/release-notes#December_13_2022
December 06 2022,feature,https://cloud.google.com/composer/docs/release-notes#December_06_2022
December 06 2022,announcement,https://cloud.google.com/composer/docs/release-notes#December_06_2022
December 06 2022,changed,https://cloud.google.com/composer/docs/release-notes#December_06_2022
December 06 2022,deprecated,https://cloud.google.com/composer/docs/release-notes#December_06_2022
December 05 2022,feature,https://cloud.google.com/composer/docs/release-notes#December_05_2022
December 04 2022,feature,https://cloud.google.com/composer/docs/release-notes#December_04_2022
December 04 2022,feature,https://cloud.google.com/composer/docs/release-notes#December_04_2022
December 04 2022,fixed,https://cloud.google.com/composer/docs/release-notes#December_04_2022
December 04 2022,fixed,https://cloud.google.com/composer/docs/release-notes#December_04_2022
December 04 2022,breaking,https://cloud.google.com/composer/docs/release-notes#December_04_2022
December 04 2022,announcement,https://cloud.google.com/composer/docs/release-notes#December_04_2022
December 04 2022,changed,https://cloud.google.com/composer/docs/release-notes#December_04_2022
December 04 2022,changed,https://cloud.google.com/composer/docs/release-notes#December_04_2022
December 04 2022,deprecated,https://cloud.google.com/composer/docs/release-notes#December_04_2022
November 22 2022,issue,https://cloud.google.com/composer/docs/release-notes#November_22_2022
November 18 2022,feature,https://cloud.google.com/composer/docs/release-notes#November_18_2022
November 18 2022,fixed,https://cloud.google.com/composer/docs/release-notes#November_18_2022
November 18 2022,fixed,https://cloud.google.com/composer/docs/release-notes#November_18_2022
November 18 2022,changed,https://cloud.google.com/composer/docs/release-notes#November_18_2022
November 18 2022,changed,https://cloud.google.com/composer/docs/release-notes#November_18_2022
November 18 2022,changed,https://cloud.google.com/composer/docs/release-notes#November_18_2022
November 18 2022,changed,https://cloud.google.com/composer/docs/release-notes#November_18_2022
November 18 2022,deprecated,https://cloud.google.com/composer/docs/release-notes#November_18_2022
November 18 2022,deprecated,https://cloud.google.com/composer/docs/release-notes#November_18_2022
November 14 2022,announcement,https://cloud.google.com/composer/docs/release-notes#November_14_2022
November 11 2022,feature,https://cloud.google.com/composer/docs/release-notes#November_11_2022
November 11 2022,changed,https://cloud.google.com/composer/docs/release-notes#November_11_2022
November 11 2022,deprecated,https://cloud.google.com/composer/docs/release-notes#November_11_2022
October 31 2022,changed,https://cloud.google.com/composer/docs/release-notes#October_31_2022
October 31 2022,fixed,https://cloud.google.com/composer/docs/release-notes#October_31_2022
October 31 2022,changed,https://cloud.google.com/composer/docs/release-notes#October_31_2022
October 31 2022,deprecated,https://cloud.google.com/composer/docs/release-notes#October_31_2022
October 18 2022,fixed,https://cloud.google.com/composer/docs/release-notes#October_18_2022
October 18 2022,changed,https://cloud.google.com/composer/docs/release-notes#October_18_2022
October 18 2022,changed,https://cloud.google.com/composer/docs/release-notes#October_18_2022
October 18 2022,fixed,https://cloud.google.com/composer/docs/release-notes#October_18_2022
October 18 2022,changed,https://cloud.google.com/composer/docs/release-notes#October_18_2022
October 18 2022,changed,https://cloud.google.com/composer/docs/release-notes#October_18_2022
October 18 2022,deprecated,https://cloud.google.com/composer/docs/release-notes#October_18_2022
October 06 2022,announcement,https://cloud.google.com/composer/docs/release-notes#October_06_2022
October 06 2022,announcement,https://cloud.google.com/composer/docs/release-notes#October_06_2022
September 29 2022,feature,https://cloud.google.com/composer/docs/release-notes#September_29_2022
September 29 2022,changed,https://cloud.google.com/composer/docs/release-notes#September_29_2022
September 29 2022,changed,https://cloud.google.com/composer/docs/release-notes#September_29_2022
September 29 2022,deprecated,https://cloud.google.com/composer/docs/release-notes#September_29_2022
September 21 2022,feature,https://cloud.google.com/composer/docs/release-notes#September_21_2022
September 21 2022,fixed,https://cloud.google.com/composer/docs/release-notes#September_21_2022
September 21 2022,fixed,https://cloud.google.com/composer/docs/release-notes#September_21_2022
September 21 2022,changed,https://cloud.google.com/composer/docs/release-notes#September_21_2022
September 21 2022,changed,https://cloud.google.com/composer/docs/release-notes#September_21_2022
September 21 2022,deprecated,https://cloud.google.com/composer/docs/release-notes#September_21_2022
September 12 2022,feature,https://cloud.google.com/composer/docs/release-notes#September_12_2022
September 12 2022,fixed,https://cloud.google.com/composer/docs/release-notes#September_12_2022
September 12 2022,changed,https://cloud.google.com/composer/docs/release-notes#September_12_2022
September 12 2022,fixed,https://cloud.google.com/composer/docs/release-notes#September_12_2022
September 12 2022,changed,https://cloud.google.com/composer/docs/release-notes#September_12_2022
September 12 2022,fixed,https://cloud.google.com/composer/docs/release-notes#September_12_2022
September 12 2022,fixed,https://cloud.google.com/composer/docs/release-notes#September_12_2022
September 12 2022,changed,https://cloud.google.com/composer/docs/release-notes#September_12_2022
September 12 2022,changed,https://cloud.google.com/composer/docs/release-notes#September_12_2022
September 12 2022,deprecated,https://cloud.google.com/composer/docs/release-notes#September_12_2022
August 29 2022,changed,https://cloud.google.com/composer/docs/release-notes#August_29_2022
August 29 2022,fixed,https://cloud.google.com/composer/docs/release-notes#August_29_2022
August 29 2022,changed,https://cloud.google.com/composer/docs/release-notes#August_29_2022
August 29 2022,fixed,https://cloud.google.com/composer/docs/release-notes#August_29_2022
August 29 2022,changed,https://cloud.google.com/composer/docs/release-notes#August_29_2022
August 29 2022,deprecated,https://cloud.google.com/composer/docs/release-notes#August_29_2022
August 18 2022,changed,https://cloud.google.com/composer/docs/release-notes#August_18_2022
August 18 2022,changed,https://cloud.google.com/composer/docs/release-notes#August_18_2022
August 18 2022,changed,https://cloud.google.com/composer/docs/release-notes#August_18_2022
August 18 2022,deprecated,https://cloud.google.com/composer/docs/release-notes#August_18_2022
August 10 2022,deprecated,https://cloud.google.com/composer/docs/release-notes#August_10_2022
August 10 2022,changed,https://cloud.google.com/composer/docs/release-notes#August_10_2022
August 10 2022,fixed,https://cloud.google.com/composer/docs/release-notes#August_10_2022
August 10 2022,fixed,https://cloud.google.com/composer/docs/release-notes#August_10_2022
August 10 2022,changed,https://cloud.google.com/composer/docs/release-notes#August_10_2022
August 10 2022,deprecated,https://cloud.google.com/composer/docs/release-notes#August_10_2022
July 28 2022,fixed,https://cloud.google.com/composer/docs/release-notes#July_28_2022
July 28 2022,changed,https://cloud.google.com/composer/docs/release-notes#July_28_2022
July 28 2022,deprecated,https://cloud.google.com/composer/docs/release-notes#July_28_2022
July 18 2022,fixed,https://cloud.google.com/composer/docs/release-notes#July_18_2022
July 18 2022,changed,https://cloud.google.com/composer/docs/release-notes#July_18_2022
July 18 2022,deprecated,https://cloud.google.com/composer/docs/release-notes#July_18_2022
July 11 2022,feature,https://cloud.google.com/composer/docs/release-notes#July_11_2022
July 11 2022,fixed,https://cloud.google.com/composer/docs/release-notes#July_11_2022
July 11 2022,fixed,https://cloud.google.com/composer/docs/release-notes#July_11_2022
July 11 2022,fixed,https://cloud.google.com/composer/docs/release-notes#July_11_2022
July 11 2022,changed,https://cloud.google.com/composer/docs/release-notes#July_11_2022
July 11 2022,changed,https://cloud.google.com/composer/docs/release-notes#July_11_2022
July 11 2022,deprecated,https://cloud.google.com/composer/docs/release-notes#July_11_2022
July 11 2022,changed,https://cloud.google.com/composer/docs/release-notes#July_11_2022
June 29 2022,feature,https://cloud.google.com/composer/docs/release-notes#June_29_2022
June 29 2022,changed,https://cloud.google.com/composer/docs/release-notes#June_29_2022
June 27 2022,feature,https://cloud.google.com/composer/docs/release-notes#June_27_2022
June 23 2022,announcement,https://cloud.google.com/composer/docs/release-notes#June_23_2022
June 23 2022,changed,https://cloud.google.com/composer/docs/release-notes#June_23_2022
June 23 2022,fixed,https://cloud.google.com/composer/docs/release-notes#June_23_2022
June 23 2022,changed,https://cloud.google.com/composer/docs/release-notes#June_23_2022
June 23 2022,changed,https://cloud.google.com/composer/docs/release-notes#June_23_2022
June 23 2022,deprecated,https://cloud.google.com/composer/docs/release-notes#June_23_2022
June 20 2022,announcement,https://cloud.google.com/composer/docs/release-notes#June_20_2022
June 20 2022,announcement,https://cloud.google.com/composer/docs/release-notes#June_20_2022
June 15 2022,announcement,https://cloud.google.com/composer/docs/release-notes#June_15_2022
June 15 2022,announcement,https://cloud.google.com/composer/docs/release-notes#June_15_2022
June 15 2022,breaking,https://cloud.google.com/composer/docs/release-notes#June_15_2022
June 15 2022,fixed,https://cloud.google.com/composer/docs/release-notes#June_15_2022
June 15 2022,fixed,https://cloud.google.com/composer/docs/release-notes#June_15_2022
June 15 2022,fixed,https://cloud.google.com/composer/docs/release-notes#June_15_2022
June 15 2022,fixed,https://cloud.google.com/composer/docs/release-notes#June_15_2022
June 15 2022,changed,https://cloud.google.com/composer/docs/release-notes#June_15_2022
June 15 2022,deprecated,https://cloud.google.com/composer/docs/release-notes#June_15_2022
June 14 2022,feature,https://cloud.google.com/composer/docs/release-notes#June_14_2022
June 07 2022,fixed,https://cloud.google.com/composer/docs/release-notes#June_07_2022
June 07 2022,changed,https://cloud.google.com/composer/docs/release-notes#June_07_2022
June 07 2022,changed,https://cloud.google.com/composer/docs/release-notes#June_07_2022
June 01 2022,feature,https://cloud.google.com/composer/docs/release-notes#June_01_2022
June 01 2022,feature,https://cloud.google.com/composer/docs/release-notes#June_01_2022
June 01 2022,fixed,https://cloud.google.com/composer/docs/release-notes#June_01_2022
June 01 2022,fixed,https://cloud.google.com/composer/docs/release-notes#June_01_2022
June 01 2022,fixed,https://cloud.google.com/composer/docs/release-notes#June_01_2022
June 01 2022,deprecated,https://cloud.google.com/composer/docs/release-notes#June_01_2022
June 01 2022,changed,https://cloud.google.com/composer/docs/release-notes#June_01_2022
May 26 2022,deprecated,https://cloud.google.com/composer/docs/release-notes#May_26_2022
May 26 2022,feature,https://cloud.google.com/composer/docs/release-notes#May_26_2022
May 26 2022,changed,https://cloud.google.com/composer/docs/release-notes#May_26_2022
May 26 2022,changed,https://cloud.google.com/composer/docs/release-notes#May_26_2022
May 26 2022,fixed,https://cloud.google.com/composer/docs/release-notes#May_26_2022
May 26 2022,fixed,https://cloud.google.com/composer/docs/release-notes#May_26_2022
May 26 2022,fixed,https://cloud.google.com/composer/docs/release-notes#May_26_2022
May 26 2022,changed,https://cloud.google.com/composer/docs/release-notes#May_26_2022
May 26 2022,deprecated,https://cloud.google.com/composer/docs/release-notes#May_26_2022
May 25 2022,feature,https://cloud.google.com/composer/docs/release-notes#May_25_2022
May 25 2022,feature,https://cloud.google.com/composer/docs/release-notes#May_25_2022
May 19 2022,feature,https://cloud.google.com/composer/docs/release-notes#May_19_2022
May 19 2022,feature,https://cloud.google.com/composer/docs/release-notes#May_19_2022
May 19 2022,feature,https://cloud.google.com/composer/docs/release-notes#May_19_2022
May 19 2022,feature,https://cloud.google.com/composer/docs/release-notes#May_19_2022
May 19 2022,changed,https://cloud.google.com/composer/docs/release-notes#May_19_2022
May 19 2022,changed,https://cloud.google.com/composer/docs/release-notes#May_19_2022
May 19 2022,changed,https://cloud.google.com/composer/docs/release-notes#May_19_2022
May 19 2022,deprecated,https://cloud.google.com/composer/docs/release-notes#May_19_2022
May 19 2022,changed,https://cloud.google.com/composer/docs/release-notes#May_19_2022
May 13 2022,announcement,https://cloud.google.com/composer/docs/release-notes#May_13_2022
May 13 2022,feature,https://cloud.google.com/composer/docs/release-notes#May_13_2022
May 13 2022,feature,https://cloud.google.com/composer/docs/release-notes#May_13_2022
May 13 2022,changed,https://cloud.google.com/composer/docs/release-notes#May_13_2022
May 13 2022,changed,https://cloud.google.com/composer/docs/release-notes#May_13_2022
May 13 2022,changed,https://cloud.google.com/composer/docs/release-notes#May_13_2022
May 13 2022,fixed,https://cloud.google.com/composer/docs/release-notes#May_13_2022
May 13 2022,fixed,https://cloud.google.com/composer/docs/release-notes#May_13_2022
May 13 2022,fixed,https://cloud.google.com/composer/docs/release-notes#May_13_2022
May 13 2022,changed,https://cloud.google.com/composer/docs/release-notes#May_13_2022
May 13 2022,deprecated,https://cloud.google.com/composer/docs/release-notes#May_13_2022
May 10 2022,announcement,https://cloud.google.com/composer/docs/release-notes#May_10_2022
May 10 2022,deprecated,https://cloud.google.com/composer/docs/release-notes#May_10_2022
April 29 2022,announcement,https://cloud.google.com/composer/docs/release-notes#April_29_2022
April 22 2022,feature,https://cloud.google.com/composer/docs/release-notes#April_22_2022
April 22 2022,feature,https://cloud.google.com/composer/docs/release-notes#April_22_2022
April 22 2022,feature,https://cloud.google.com/composer/docs/release-notes#April_22_2022
April 22 2022,fixed,https://cloud.google.com/composer/docs/release-notes#April_22_2022
April 22 2022,fixed,https://cloud.google.com/composer/docs/release-notes#April_22_2022
April 22 2022,fixed,https://cloud.google.com/composer/docs/release-notes#April_22_2022
April 22 2022,changed,https://cloud.google.com/composer/docs/release-notes#April_22_2022
April 22 2022,changed,https://cloud.google.com/composer/docs/release-notes#April_22_2022
April 22 2022,deprecated,https://cloud.google.com/composer/docs/release-notes#April_22_2022
April 13 2022,feature,https://cloud.google.com/composer/docs/release-notes#April_13_2022
April 13 2022,changed,https://cloud.google.com/composer/docs/release-notes#April_13_2022
April 13 2022,fixed,https://cloud.google.com/composer/docs/release-notes#April_13_2022
April 13 2022,fixed,https://cloud.google.com/composer/docs/release-notes#April_13_2022
April 13 2022,fixed,https://cloud.google.com/composer/docs/release-notes#April_13_2022
April 13 2022,fixed,https://cloud.google.com/composer/docs/release-notes#April_13_2022
April 13 2022,fixed,https://cloud.google.com/composer/docs/release-notes#April_13_2022
April 13 2022,changed,https://cloud.google.com/composer/docs/release-notes#April_13_2022
April 13 2022,fixed,https://cloud.google.com/composer/docs/release-notes#April_13_2022
April 13 2022,changed,https://cloud.google.com/composer/docs/release-notes#April_13_2022
April 13 2022,deprecated,https://cloud.google.com/composer/docs/release-notes#April_13_2022
April 04 2022,feature,https://cloud.google.com/composer/docs/release-notes#April_04_2022
April 04 2022,feature,https://cloud.google.com/composer/docs/release-notes#April_04_2022
April 04 2022,changed,https://cloud.google.com/composer/docs/release-notes#April_04_2022
April 04 2022,changed,https://cloud.google.com/composer/docs/release-notes#April_04_2022
April 04 2022,fixed,https://cloud.google.com/composer/docs/release-notes#April_04_2022
April 04 2022,fixed,https://cloud.google.com/composer/docs/release-notes#April_04_2022
April 04 2022,fixed,https://cloud.google.com/composer/docs/release-notes#April_04_2022
April 04 2022,fixed,https://cloud.google.com/composer/docs/release-notes#April_04_2022
April 04 2022,fixed,https://cloud.google.com/composer/docs/release-notes#April_04_2022
April 04 2022,fixed,https://cloud.google.com/composer/docs/release-notes#April_04_2022
April 04 2022,fixed,https://cloud.google.com/composer/docs/release-notes#April_04_2022
April 04 2022,fixed,https://cloud.google.com/composer/docs/release-notes#April_04_2022
April 04 2022,fixed,https://cloud.google.com/composer/docs/release-notes#April_04_2022
April 04 2022,fixed,https://cloud.google.com/composer/docs/release-notes#April_04_2022
April 04 2022,changed,https://cloud.google.com/composer/docs/release-notes#April_04_2022
April 04 2022,deprecated,https://cloud.google.com/composer/docs/release-notes#April_04_2022
March 28 2022,feature,https://cloud.google.com/composer/docs/release-notes#March_28_2022
March 28 2022,feature,https://cloud.google.com/composer/docs/release-notes#March_28_2022
March 28 2022,feature,https://cloud.google.com/composer/docs/release-notes#March_28_2022
March 28 2022,changed,https://cloud.google.com/composer/docs/release-notes#March_28_2022
March 28 2022,changed,https://cloud.google.com/composer/docs/release-notes#March_28_2022
March 28 2022,fixed,https://cloud.google.com/composer/docs/release-notes#March_28_2022
March 28 2022,fixed,https://cloud.google.com/composer/docs/release-notes#March_28_2022
March 28 2022,changed,https://cloud.google.com/composer/docs/release-notes#March_28_2022
March 28 2022,fixed,https://cloud.google.com/composer/docs/release-notes#March_28_2022
March 28 2022,fixed,https://cloud.google.com/composer/docs/release-notes#March_28_2022
March 28 2022,changed,https://cloud.google.com/composer/docs/release-notes#March_28_2022
March 28 2022,deprecated,https://cloud.google.com/composer/docs/release-notes#March_28_2022
March 17 2022,announcement,https://cloud.google.com/composer/docs/release-notes#March_17_2022
March 17 2022,feature,https://cloud.google.com/composer/docs/release-notes#March_17_2022
March 17 2022,feature,https://cloud.google.com/composer/docs/release-notes#March_17_2022
March 17 2022,changed,https://cloud.google.com/composer/docs/release-notes#March_17_2022
March 17 2022,fixed,https://cloud.google.com/composer/docs/release-notes#March_17_2022
March 17 2022,fixed,https://cloud.google.com/composer/docs/release-notes#March_17_2022
March 17 2022,changed,https://cloud.google.com/composer/docs/release-notes#March_17_2022
March 17 2022,deprecated,https://cloud.google.com/composer/docs/release-notes#March_17_2022
March 08 2022,feature,https://cloud.google.com/composer/docs/release-notes#March_08_2022
March 08 2022,feature,https://cloud.google.com/composer/docs/release-notes#March_08_2022
March 08 2022,fixed,https://cloud.google.com/composer/docs/release-notes#March_08_2022
March 08 2022,fixed,https://cloud.google.com/composer/docs/release-notes#March_08_2022
March 08 2022,changed,https://cloud.google.com/composer/docs/release-notes#March_08_2022
March 08 2022,changed,https://cloud.google.com/composer/docs/release-notes#March_08_2022
March 08 2022,changed,https://cloud.google.com/composer/docs/release-notes#March_08_2022
March 08 2022,deprecated,https://cloud.google.com/composer/docs/release-notes#March_08_2022
March 01 2022,feature,https://cloud.google.com/composer/docs/release-notes#March_01_2022
March 01 2022,feature,https://cloud.google.com/composer/docs/release-notes#March_01_2022
February 28 2022,changed,https://cloud.google.com/composer/docs/release-notes#February_28_2022
February 28 2022,changed,https://cloud.google.com/composer/docs/release-notes#February_28_2022
February 28 2022,fixed,https://cloud.google.com/composer/docs/release-notes#February_28_2022
February 28 2022,changed,https://cloud.google.com/composer/docs/release-notes#February_28_2022
February 28 2022,fixed,https://cloud.google.com/composer/docs/release-notes#February_28_2022
February 28 2022,changed,https://cloud.google.com/composer/docs/release-notes#February_28_2022
February 28 2022,changed,https://cloud.google.com/composer/docs/release-notes#February_28_2022
February 28 2022,deprecated,https://cloud.google.com/composer/docs/release-notes#February_28_2022
February 17 2022,feature,https://cloud.google.com/composer/docs/release-notes#February_17_2022
February 17 2022,feature,https://cloud.google.com/composer/docs/release-notes#February_17_2022
February 15 2022,announcement,https://cloud.google.com/composer/docs/release-notes#February_15_2022
February 15 2022,changed,https://cloud.google.com/composer/docs/release-notes#February_15_2022
February 15 2022,fixed,https://cloud.google.com/composer/docs/release-notes#February_15_2022
February 15 2022,changed,https://cloud.google.com/composer/docs/release-notes#February_15_2022
February 15 2022,deprecated,https://cloud.google.com/composer/docs/release-notes#February_15_2022
February 15 2022,deprecated,https://cloud.google.com/composer/docs/release-notes#February_15_2022
February 07 2022,feature,https://cloud.google.com/composer/docs/release-notes#February_07_2022
February 07 2022,changed,https://cloud.google.com/composer/docs/release-notes#February_07_2022
February 07 2022,changed,https://cloud.google.com/composer/docs/release-notes#February_07_2022
February 07 2022,deprecated,https://cloud.google.com/composer/docs/release-notes#February_07_2022
January 28 2022,announcement,https://cloud.google.com/composer/docs/release-notes#January_28_2022
January 20 2022,fixed,https://cloud.google.com/composer/docs/release-notes#January_20_2022
January 20 2022,fixed,https://cloud.google.com/composer/docs/release-notes#January_20_2022
January 20 2022,changed,https://cloud.google.com/composer/docs/release-notes#January_20_2022
January 20 2022,deprecated,https://cloud.google.com/composer/docs/release-notes#January_20_2022
January 10 2022,changed,https://cloud.google.com/composer/docs/release-notes#January_10_2022
January 10 2022,fixed,https://cloud.google.com/composer/docs/release-notes#January_10_2022
January 10 2022,fixed,https://cloud.google.com/composer/docs/release-notes#January_10_2022
January 10 2022,fixed,https://cloud.google.com/composer/docs/release-notes#January_10_2022
January 10 2022,fixed,https://cloud.google.com/composer/docs/release-notes#January_10_2022
January 10 2022,fixed,https://cloud.google.com/composer/docs/release-notes#January_10_2022
January 10 2022,changed,https://cloud.google.com/composer/docs/release-notes#January_10_2022
January 10 2022,deprecated,https://cloud.google.com/composer/docs/release-notes#January_10_2022
December 16 2021,feature,https://cloud.google.com/composer/docs/release-notes#December_16_2021
December 16 2021,feature,https://cloud.google.com/composer/docs/release-notes#December_16_2021
December 16 2021,feature,https://cloud.google.com/composer/docs/release-notes#December_16_2021
December 16 2021,announcement,https://cloud.google.com/composer/docs/release-notes#December_16_2021
December 16 2021,changed,https://cloud.google.com/composer/docs/release-notes#December_16_2021
December 09 2021,announcement,https://cloud.google.com/composer/docs/release-notes#December_09_2021
December 09 2021,fixed,https://cloud.google.com/composer/docs/release-notes#December_09_2021
December 09 2021,fixed,https://cloud.google.com/composer/docs/release-notes#December_09_2021
December 09 2021,changed,https://cloud.google.com/composer/docs/release-notes#December_09_2021
December 09 2021,changed,https://cloud.google.com/composer/docs/release-notes#December_09_2021
December 09 2021,changed,https://cloud.google.com/composer/docs/release-notes#December_09_2021
December 09 2021,changed,https://cloud.google.com/composer/docs/release-notes#December_09_2021
December 09 2021,deprecated,https://cloud.google.com/composer/docs/release-notes#December_09_2021
December 01 2021,changed,https://cloud.google.com/composer/docs/release-notes#December_01_2021
December 01 2021,changed,https://cloud.google.com/composer/docs/release-notes#December_01_2021
December 01 2021,changed,https://cloud.google.com/composer/docs/release-notes#December_01_2021
December 01 2021,fixed,https://cloud.google.com/composer/docs/release-notes#December_01_2021
December 01 2021,changed,https://cloud.google.com/composer/docs/release-notes#December_01_2021
December 01 2021,changed,https://cloud.google.com/composer/docs/release-notes#December_01_2021
December 01 2021,deprecated,https://cloud.google.com/composer/docs/release-notes#December_01_2021
December 01 2021,deprecated,https://cloud.google.com/composer/docs/release-notes#December_01_2021
November 16 2021,changed,https://cloud.google.com/composer/docs/release-notes#November_16_2021
November 16 2021,changed,https://cloud.google.com/composer/docs/release-notes#November_16_2021
November 16 2021,changed,https://cloud.google.com/composer/docs/release-notes#November_16_2021
November 16 2021,deprecated,https://cloud.google.com/composer/docs/release-notes#November_16_2021
November 04 2021,feature,https://cloud.google.com/composer/docs/release-notes#November_04_2021
November 04 2021,changed,https://cloud.google.com/composer/docs/release-notes#November_04_2021
November 04 2021,changed,https://cloud.google.com/composer/docs/release-notes#November_04_2021
November 04 2021,changed,https://cloud.google.com/composer/docs/release-notes#November_04_2021
November 04 2021,changed,https://cloud.google.com/composer/docs/release-notes#November_04_2021
November 04 2021,deprecated,https://cloud.google.com/composer/docs/release-notes#November_04_2021
November 02 2021,feature,https://cloud.google.com/composer/docs/release-notes#November_02_2021
October 18 2021,feature,https://cloud.google.com/composer/docs/release-notes#October_18_2021
October 18 2021,feature,https://cloud.google.com/composer/docs/release-notes#October_18_2021
October 18 2021,changed,https://cloud.google.com/composer/docs/release-notes#October_18_2021
October 18 2021,changed,https://cloud.google.com/composer/docs/release-notes#October_18_2021
October 18 2021,fixed,https://cloud.google.com/composer/docs/release-notes#October_18_2021
October 18 2021,changed,https://cloud.google.com/composer/docs/release-notes#October_18_2021
October 18 2021,changed,https://cloud.google.com/composer/docs/release-notes#October_18_2021
October 18 2021,fixed,https://cloud.google.com/composer/docs/release-notes#October_18_2021
October 18 2021,fixed,https://cloud.google.com/composer/docs/release-notes#October_18_2021
October 18 2021,changed,https://cloud.google.com/composer/docs/release-notes#October_18_2021
October 18 2021,deprecated,https://cloud.google.com/composer/docs/release-notes#October_18_2021
October 05 2021,feature,https://cloud.google.com/composer/docs/release-notes#October_05_2021
September 29 2021,feature,https://cloud.google.com/composer/docs/release-notes#September_29_2021
September 29 2021,changed,https://cloud.google.com/composer/docs/release-notes#September_29_2021
September 29 2021,changed,https://cloud.google.com/composer/docs/release-notes#September_29_2021
September 29 2021,deprecated,https://cloud.google.com/composer/docs/release-notes#September_29_2021
September 23 2021,feature,https://cloud.google.com/composer/docs/release-notes#September_23_2021
September 23 2021,changed,https://cloud.google.com/composer/docs/release-notes#September_23_2021
September 23 2021,changed,https://cloud.google.com/composer/docs/release-notes#September_23_2021
September 23 2021,fixed,https://cloud.google.com/composer/docs/release-notes#September_23_2021
September 23 2021,fixed,https://cloud.google.com/composer/docs/release-notes#September_23_2021
September 23 2021,fixed,https://cloud.google.com/composer/docs/release-notes#September_23_2021
September 23 2021,changed,https://cloud.google.com/composer/docs/release-notes#September_23_2021
September 23 2021,deprecated,https://cloud.google.com/composer/docs/release-notes#September_23_2021
September 15 2021,feature,https://cloud.google.com/composer/docs/release-notes#September_15_2021
September 15 2021,feature,https://cloud.google.com/composer/docs/release-notes#September_15_2021
September 15 2021,announcement,https://cloud.google.com/composer/docs/release-notes#September_15_2021
September 15 2021,announcement,https://cloud.google.com/composer/docs/release-notes#September_15_2021
September 15 2021,feature,https://cloud.google.com/composer/docs/release-notes#September_15_2021
September 15 2021,changed,https://cloud.google.com/composer/docs/release-notes#September_15_2021
September 15 2021,changed,https://cloud.google.com/composer/docs/release-notes#September_15_2021
September 15 2021,fixed,https://cloud.google.com/composer/docs/release-notes#September_15_2021
September 15 2021,changed,https://cloud.google.com/composer/docs/release-notes#September_15_2021
September 15 2021,deprecated,https://cloud.google.com/composer/docs/release-notes#September_15_2021
September 09 2021,feature,https://cloud.google.com/composer/docs/release-notes#September_09_2021
September 09 2021,changed,https://cloud.google.com/composer/docs/release-notes#September_09_2021
August 30 2021,feature,https://cloud.google.com/composer/docs/release-notes#August_30_2021
August 30 2021,feature,https://cloud.google.com/composer/docs/release-notes#August_30_2021
August 30 2021,changed,https://cloud.google.com/composer/docs/release-notes#August_30_2021
August 30 2021,changed,https://cloud.google.com/composer/docs/release-notes#August_30_2021
August 23 2021,changed,https://cloud.google.com/composer/docs/release-notes#August_23_2021
August 23 2021,fixed,https://cloud.google.com/composer/docs/release-notes#August_23_2021
August 23 2021,changed,https://cloud.google.com/composer/docs/release-notes#August_23_2021
August 23 2021,fixed,https://cloud.google.com/composer/docs/release-notes#August_23_2021
August 23 2021,changed,https://cloud.google.com/composer/docs/release-notes#August_23_2021
August 23 2021,deprecated,https://cloud.google.com/composer/docs/release-notes#August_23_2021
August 12 2021,feature,https://cloud.google.com/composer/docs/release-notes#August_12_2021
August 12 2021,changed,https://cloud.google.com/composer/docs/release-notes#August_12_2021
August 12 2021,changed,https://cloud.google.com/composer/docs/release-notes#August_12_2021
August 12 2021,changed,https://cloud.google.com/composer/docs/release-notes#August_12_2021
August 12 2021,deprecated,https://cloud.google.com/composer/docs/release-notes#August_12_2021
August 05 2021,feature,https://cloud.google.com/composer/docs/release-notes#August_05_2021
August 05 2021,changed,https://cloud.google.com/composer/docs/release-notes#August_05_2021
August 05 2021,fixed,https://cloud.google.com/composer/docs/release-notes#August_05_2021
August 05 2021,changed,https://cloud.google.com/composer/docs/release-notes#August_05_2021
August 05 2021,deprecated,https://cloud.google.com/composer/docs/release-notes#August_05_2021
July 29 2021,feature,https://cloud.google.com/composer/docs/release-notes#July_29_2021
July 29 2021,fixed,https://cloud.google.com/composer/docs/release-notes#July_29_2021
July 29 2021,fixed,https://cloud.google.com/composer/docs/release-notes#July_29_2021
July 29 2021,fixed,https://cloud.google.com/composer/docs/release-notes#July_29_2021
July 29 2021,changed,https://cloud.google.com/composer/docs/release-notes#July_29_2021
July 29 2021,deprecated,https://cloud.google.com/composer/docs/release-notes#July_29_2021
July 22 2021,feature,https://cloud.google.com/composer/docs/release-notes#July_22_2021
July 22 2021,changed,https://cloud.google.com/composer/docs/release-notes#July_22_2021
July 22 2021,deprecated,https://cloud.google.com/composer/docs/release-notes#July_22_2021
July 14 2021,changed,https://cloud.google.com/composer/docs/release-notes#July_14_2021
July 14 2021,feature,https://cloud.google.com/composer/docs/release-notes#July_14_2021
July 14 2021,fixed,https://cloud.google.com/composer/docs/release-notes#July_14_2021
July 08 2021,changed,https://cloud.google.com/composer/docs/release-notes#July_08_2021
July 08 2021,fixed,https://cloud.google.com/composer/docs/release-notes#July_08_2021
July 08 2021,deprecated,https://cloud.google.com/composer/docs/release-notes#July_08_2021
June 30 2021,changed,https://cloud.google.com/composer/docs/release-notes#June_30_2021
June 30 2021,fixed,https://cloud.google.com/composer/docs/release-notes#June_30_2021
June 30 2021,deprecated,https://cloud.google.com/composer/docs/release-notes#June_30_2021
June 17 2021,feature,https://cloud.google.com/composer/docs/release-notes#June_17_2021
June 17 2021,changed,https://cloud.google.com/composer/docs/release-notes#June_17_2021
June 17 2021,changed,https://cloud.google.com/composer/docs/release-notes#June_17_2021
June 17 2021,changed,https://cloud.google.com/composer/docs/release-notes#June_17_2021
June 17 2021,changed,https://cloud.google.com/composer/docs/release-notes#June_17_2021
June 17 2021,changed,https://cloud.google.com/composer/docs/release-notes#June_17_2021
June 17 2021,fixed,https://cloud.google.com/composer/docs/release-notes#June_17_2021
June 17 2021,fixed,https://cloud.google.com/composer/docs/release-notes#June_17_2021
June 17 2021,fixed,https://cloud.google.com/composer/docs/release-notes#June_17_2021
June 07 2021,changed,https://cloud.google.com/composer/docs/release-notes#June_07_2021
June 07 2021,feature,https://cloud.google.com/composer/docs/release-notes#June_07_2021
June 07 2021,changed,https://cloud.google.com/composer/docs/release-notes#June_07_2021
June 07 2021,fixed,https://cloud.google.com/composer/docs/release-notes#June_07_2021
June 07 2021,fixed,https://cloud.google.com/composer/docs/release-notes#June_07_2021
June 07 2021,fixed,https://cloud.google.com/composer/docs/release-notes#June_07_2021
June 07 2021,fixed,https://cloud.google.com/composer/docs/release-notes#June_07_2021
June 07 2021,deprecated,https://cloud.google.com/composer/docs/release-notes#June_07_2021
May 21 2021,changed,https://cloud.google.com/composer/docs/release-notes#May_21_2021
May 21 2021,changed,https://cloud.google.com/composer/docs/release-notes#May_21_2021
May 21 2021,deprecated,https://cloud.google.com/composer/docs/release-notes#May_21_2021
May 13 2021,feature,https://cloud.google.com/composer/docs/release-notes#May_13_2021
May 13 2021,feature,https://cloud.google.com/composer/docs/release-notes#May_13_2021
May 13 2021,feature,https://cloud.google.com/composer/docs/release-notes#May_13_2021
May 13 2021,changed,https://cloud.google.com/composer/docs/release-notes#May_13_2021
May 13 2021,changed,https://cloud.google.com/composer/docs/release-notes#May_13_2021
May 13 2021,changed,https://cloud.google.com/composer/docs/release-notes#May_13_2021
May 13 2021,changed,https://cloud.google.com/composer/docs/release-notes#May_13_2021
May 13 2021,changed,https://cloud.google.com/composer/docs/release-notes#May_13_2021
May 13 2021,changed,https://cloud.google.com/composer/docs/release-notes#May_13_2021
May 13 2021,changed,https://cloud.google.com/composer/docs/release-notes#May_13_2021
May 13 2021,fixed,https://cloud.google.com/composer/docs/release-notes#May_13_2021
May 13 2021,fixed,https://cloud.google.com/composer/docs/release-notes#May_13_2021
May 13 2021,fixed,https://cloud.google.com/composer/docs/release-notes#May_13_2021
April 29 2021,changed,https://cloud.google.com/composer/docs/release-notes#April_29_2021
April 29 2021,fixed,https://cloud.google.com/composer/docs/release-notes#April_29_2021
April 29 2021,fixed,https://cloud.google.com/composer/docs/release-notes#April_29_2021
April 29 2021,deprecated,https://cloud.google.com/composer/docs/release-notes#April_29_2021
April 22 2021,changed,https://cloud.google.com/composer/docs/release-notes#April_22_2021
April 22 2021,deprecated,https://cloud.google.com/composer/docs/release-notes#April_22_2021
April 22 2021,changed,https://cloud.google.com/composer/docs/release-notes#April_22_2021
April 22 2021,fixed,https://cloud.google.com/composer/docs/release-notes#April_22_2021
April 22 2021,fixed,https://cloud.google.com/composer/docs/release-notes#April_22_2021
April 22 2021,fixed,https://cloud.google.com/composer/docs/release-notes#April_22_2021
April 15 2021,changed,https://cloud.google.com/composer/docs/release-notes#April_15_2021
April 15 2021,changed,https://cloud.google.com/composer/docs/release-notes#April_15_2021
April 15 2021,fixed,https://cloud.google.com/composer/docs/release-notes#April_15_2021
April 08 2021,feature,https://cloud.google.com/composer/docs/release-notes#April_08_2021
April 08 2021,changed,https://cloud.google.com/composer/docs/release-notes#April_08_2021
April 08 2021,fixed,https://cloud.google.com/composer/docs/release-notes#April_08_2021
April 08 2021,fixed,https://cloud.google.com/composer/docs/release-notes#April_08_2021
March 31 2021,changed,https://cloud.google.com/composer/docs/release-notes#March_31_2021
March 31 2021,changed,https://cloud.google.com/composer/docs/release-notes#March_31_2021
March 31 2021,fixed,https://cloud.google.com/composer/docs/release-notes#March_31_2021
March 31 2021,fixed,https://cloud.google.com/composer/docs/release-notes#March_31_2021
March 23 2021,changed,https://cloud.google.com/composer/docs/release-notes#March_23_2021
March 23 2021,feature,https://cloud.google.com/composer/docs/release-notes#March_23_2021
March 23 2021,changed,https://cloud.google.com/composer/docs/release-notes#March_23_2021
March 23 2021,changed,https://cloud.google.com/composer/docs/release-notes#March_23_2021
March 23 2021,changed,https://cloud.google.com/composer/docs/release-notes#March_23_2021
March 23 2021,fixed,https://cloud.google.com/composer/docs/release-notes#March_23_2021
March 23 2021,fixed,https://cloud.google.com/composer/docs/release-notes#March_23_2021
March 23 2021,fixed,https://cloud.google.com/composer/docs/release-notes#March_23_2021
March 23 2021,fixed,https://cloud.google.com/composer/docs/release-notes#March_23_2021
March 11 2021,changed,https://cloud.google.com/composer/docs/release-notes#March_11_2021
March 11 2021,feature,https://cloud.google.com/composer/docs/release-notes#March_11_2021
March 11 2021,changed,https://cloud.google.com/composer/docs/release-notes#March_11_2021
March 11 2021,changed,https://cloud.google.com/composer/docs/release-notes#March_11_2021
March 11 2021,fixed,https://cloud.google.com/composer/docs/release-notes#March_11_2021
March 11 2021,fixed,https://cloud.google.com/composer/docs/release-notes#March_11_2021
March 11 2021,fixed,https://cloud.google.com/composer/docs/release-notes#March_11_2021
March 11 2021,fixed,https://cloud.google.com/composer/docs/release-notes#March_11_2021
March 11 2021,fixed,https://cloud.google.com/composer/docs/release-notes#March_11_2021
March 05 2021,changed,https://cloud.google.com/composer/docs/release-notes#March_05_2021
March 05 2021,changed,https://cloud.google.com/composer/docs/release-notes#March_05_2021
March 05 2021,fixed,https://cloud.google.com/composer/docs/release-notes#March_05_2021
March 05 2021,fixed,https://cloud.google.com/composer/docs/release-notes#March_05_2021
March 05 2021,fixed,https://cloud.google.com/composer/docs/release-notes#March_05_2021
March 05 2021,fixed,https://cloud.google.com/composer/docs/release-notes#March_05_2021
March 05 2021,fixed,https://cloud.google.com/composer/docs/release-notes#March_05_2021
March 05 2021,fixed,https://cloud.google.com/composer/docs/release-notes#March_05_2021
March 05 2021,fixed,https://cloud.google.com/composer/docs/release-notes#March_05_2021
March 02 2021,feature,https://cloud.google.com/composer/docs/release-notes#March_02_2021
March 02 2021,feature,https://cloud.google.com/composer/docs/release-notes#March_02_2021
February 25 2021,changed,https://cloud.google.com/composer/docs/release-notes#February_25_2021
February 25 2021,changed,https://cloud.google.com/composer/docs/release-notes#February_25_2021
February 25 2021,changed,https://cloud.google.com/composer/docs/release-notes#February_25_2021
February 25 2021,changed,https://cloud.google.com/composer/docs/release-notes#February_25_2021
February 25 2021,changed,https://cloud.google.com/composer/docs/release-notes#February_25_2021
February 25 2021,changed,https://cloud.google.com/composer/docs/release-notes#February_25_2021
February 25 2021,changed,https://cloud.google.com/composer/docs/release-notes#February_25_2021
February 25 2021,changed,https://cloud.google.com/composer/docs/release-notes#February_25_2021
February 25 2021,fixed,https://cloud.google.com/composer/docs/release-notes#February_25_2021
February 25 2021,fixed,https://cloud.google.com/composer/docs/release-notes#February_25_2021
February 25 2021,fixed,https://cloud.google.com/composer/docs/release-notes#February_25_2021
February 25 2021,fixed,https://cloud.google.com/composer/docs/release-notes#February_25_2021
February 25 2021,fixed,https://cloud.google.com/composer/docs/release-notes#February_25_2021
February 24 2021,feature,https://cloud.google.com/composer/docs/release-notes#February_24_2021
February 16 2021,feature,https://cloud.google.com/composer/docs/release-notes#February_16_2021
February 16 2021,feature,https://cloud.google.com/composer/docs/release-notes#February_16_2021
February 16 2021,breaking,https://cloud.google.com/composer/docs/release-notes#February_16_2021
February 11 2021,breaking,https://cloud.google.com/composer/docs/release-notes#February_11_2021
February 03 2021,changed,https://cloud.google.com/composer/docs/release-notes#February_03_2021
February 03 2021,security,https://cloud.google.com/composer/docs/release-notes#February_03_2021
February 03 2021,fixed,https://cloud.google.com/composer/docs/release-notes#February_03_2021
February 03 2021,fixed,https://cloud.google.com/composer/docs/release-notes#February_03_2021
February 03 2021,fixed,https://cloud.google.com/composer/docs/release-notes#February_03_2021
February 03 2021,fixed,https://cloud.google.com/composer/docs/release-notes#February_03_2021
February 03 2021,fixed,https://cloud.google.com/composer/docs/release-notes#February_03_2021
February 03 2021,changed,https://cloud.google.com/composer/docs/release-notes#February_03_2021
January 31 2021,feature,https://cloud.google.com/composer/docs/release-notes#January_31_2021
January 28 2021,changed,https://cloud.google.com/composer/docs/release-notes#January_28_2021
January 28 2021,deprecated,https://cloud.google.com/composer/docs/release-notes#January_28_2021
January 28 2021,fixed,https://cloud.google.com/composer/docs/release-notes#January_28_2021
January 28 2021,fixed,https://cloud.google.com/composer/docs/release-notes#January_28_2021
January 28 2021,changed,https://cloud.google.com/composer/docs/release-notes#January_28_2021
January 22 2021,breaking,https://cloud.google.com/composer/docs/release-notes#January_22_2021
January 22 2021,changed,https://cloud.google.com/composer/docs/release-notes#January_22_2021
January 22 2021,feature,https://cloud.google.com/composer/docs/release-notes#January_22_2021
January 22 2021,feature,https://cloud.google.com/composer/docs/release-notes#January_22_2021
January 22 2021,changed,https://cloud.google.com/composer/docs/release-notes#January_22_2021
January 13 2021,feature,https://cloud.google.com/composer/docs/release-notes#January_13_2021
January 12 2021,feature,https://cloud.google.com/composer/docs/release-notes#January_12_2021
January 12 2021,changed,https://cloud.google.com/composer/docs/release-notes#January_12_2021
January 12 2021,feature,https://cloud.google.com/composer/docs/release-notes#January_12_2021
January 12 2021,fixed,https://cloud.google.com/composer/docs/release-notes#January_12_2021
January 05 2021,announcement,https://cloud.google.com/composer/docs/release-notes#January_05_2021
December 16 2020,feature,https://cloud.google.com/composer/docs/release-notes#December_16_2020
December 14 2020,changed,https://cloud.google.com/composer/docs/release-notes#December_14_2020
December 14 2020,feature,https://cloud.google.com/composer/docs/release-notes#December_14_2020
December 14 2020,fixed,https://cloud.google.com/composer/docs/release-notes#December_14_2020
December 09 2020,feature,https://cloud.google.com/composer/docs/release-notes#December_09_2020
December 03 2020,changed,https://cloud.google.com/composer/docs/release-notes#December_03_2020
December 03 2020,changed,https://cloud.google.com/composer/docs/release-notes#December_03_2020
December 03 2020,feature,https://cloud.google.com/composer/docs/release-notes#December_03_2020
December 03 2020,deprecated,https://cloud.google.com/composer/docs/release-notes#December_03_2020
November 23 2020,feature,https://cloud.google.com/composer/docs/release-notes#November_23_2020
November 20 2020,feature,https://cloud.google.com/composer/docs/release-notes#November_20_2020
November 09 2020,changed,https://cloud.google.com/composer/docs/release-notes#November_09_2020
November 09 2020,feature,https://cloud.google.com/composer/docs/release-notes#November_09_2020
November 09 2020,deprecated,https://cloud.google.com/composer/docs/release-notes#November_09_2020
October 30 2020,changed,https://cloud.google.com/composer/docs/release-notes#October_30_2020
October 30 2020,feature,https://cloud.google.com/composer/docs/release-notes#October_30_2020
October 30 2020,fixed,https://cloud.google.com/composer/docs/release-notes#October_30_2020
October 23 2020,changed,https://cloud.google.com/composer/docs/release-notes#October_23_2020
October 23 2020,feature,https://cloud.google.com/composer/docs/release-notes#October_23_2020
October 23 2020,fixed,https://cloud.google.com/composer/docs/release-notes#October_23_2020
October 15 2020,changed,https://cloud.google.com/composer/docs/release-notes#October_15_2020
October 15 2020,feature,https://cloud.google.com/composer/docs/release-notes#October_15_2020
October 15 2020,fixed,https://cloud.google.com/composer/docs/release-notes#October_15_2020
October 07 2020,changed,https://cloud.google.com/composer/docs/release-notes#October_07_2020
October 07 2020,feature,https://cloud.google.com/composer/docs/release-notes#October_07_2020
October 07 2020,fixed,https://cloud.google.com/composer/docs/release-notes#October_07_2020
September 28 2020,changed,https://cloud.google.com/composer/docs/release-notes#September_28_2020
September 28 2020,feature,https://cloud.google.com/composer/docs/release-notes#September_28_2020
September 28 2020,fixed,https://cloud.google.com/composer/docs/release-notes#September_28_2020
September 17 2020,changed,https://cloud.google.com/composer/docs/release-notes#September_17_2020
September 17 2020,feature,https://cloud.google.com/composer/docs/release-notes#September_17_2020
September 17 2020,fixed,https://cloud.google.com/composer/docs/release-notes#September_17_2020
August 21 2020,changed,https://cloud.google.com/composer/docs/release-notes#August_21_2020
August 21 2020,fixed,https://cloud.google.com/composer/docs/release-notes#August_21_2020
August 10 2020,changed,https://cloud.google.com/composer/docs/release-notes#August_10_2020
August 10 2020,feature,https://cloud.google.com/composer/docs/release-notes#August_10_2020
August 10 2020,fixed,https://cloud.google.com/composer/docs/release-notes#August_10_2020
August 03 2020,changed,https://cloud.google.com/composer/docs/release-notes#August_03_2020
August 03 2020,feature,https://cloud.google.com/composer/docs/release-notes#August_03_2020
August 03 2020,fixed,https://cloud.google.com/composer/docs/release-notes#August_03_2020
July 30 2020,feature,https://cloud.google.com/composer/docs/release-notes#July_30_2020
July 24 2020,changed,https://cloud.google.com/composer/docs/release-notes#July_24_2020
July 24 2020,feature,https://cloud.google.com/composer/docs/release-notes#July_24_2020
July 24 2020,fixed,https://cloud.google.com/composer/docs/release-notes#July_24_2020
July 24 2020,deprecated,https://cloud.google.com/composer/docs/release-notes#July_24_2020
July 07 2020,changed,https://cloud.google.com/composer/docs/release-notes#July_07_2020
July 07 2020,fixed,https://cloud.google.com/composer/docs/release-notes#July_07_2020
June 30 2020,feature,https://cloud.google.com/composer/docs/release-notes#June_30_2020
June 24 2020,changed,https://cloud.google.com/composer/docs/release-notes#June_24_2020
June 24 2020,feature,https://cloud.google.com/composer/docs/release-notes#June_24_2020
June 24 2020,fixed,https://cloud.google.com/composer/docs/release-notes#June_24_2020
May 31 2020,feature,https://cloud.google.com/composer/docs/release-notes#May_31_2020
May 26 2020,changed,https://cloud.google.com/composer/docs/release-notes#May_26_2020
May 26 2020,fixed,https://cloud.google.com/composer/docs/release-notes#May_26_2020
May 15 2020,changed,https://cloud.google.com/composer/docs/release-notes#May_15_2020
May 15 2020,feature,https://cloud.google.com/composer/docs/release-notes#May_15_2020
May 15 2020,changed,https://cloud.google.com/composer/docs/release-notes#May_15_2020
May 15 2020,deprecated,https://cloud.google.com/composer/docs/release-notes#May_15_2020
May 08 2020,feature,https://cloud.google.com/composer/docs/release-notes#May_08_2020
May 08 2020,feature,https://cloud.google.com/composer/docs/release-notes#May_08_2020
April 27 2020,changed,https://cloud.google.com/composer/docs/release-notes#April_27_2020
April 27 2020,fixed,https://cloud.google.com/composer/docs/release-notes#April_27_2020
April 27 2020,deprecated,https://cloud.google.com/composer/docs/release-notes#April_27_2020
April 17 2020,breaking,https://cloud.google.com/composer/docs/release-notes#April_17_2020
April 10 2020,feature,https://cloud.google.com/composer/docs/release-notes#April_10_2020
April 10 2020,feature,https://cloud.google.com/composer/docs/release-notes#April_10_2020
April 05 2020,feature,https://cloud.google.com/composer/docs/release-notes#April_05_2020
March 31 2020,feature,https://cloud.google.com/composer/docs/release-notes#March_31_2020
March 23 2020,feature,https://cloud.google.com/composer/docs/release-notes#March_23_2020
March 20 2020,changed,https://cloud.google.com/composer/docs/release-notes#March_20_2020
March 20 2020,feature,https://cloud.google.com/composer/docs/release-notes#March_20_2020
March 20 2020,fixed,https://cloud.google.com/composer/docs/release-notes#March_20_2020
March 09 2020,feature,https://cloud.google.com/composer/docs/release-notes#March_09_2020
February 28 2020,changed,https://cloud.google.com/composer/docs/release-notes#February_28_2020
February 28 2020,feature,https://cloud.google.com/composer/docs/release-notes#February_28_2020
February 28 2020,fixed,https://cloud.google.com/composer/docs/release-notes#February_28_2020
February 25 2020,changed,https://cloud.google.com/composer/docs/release-notes#February_25_2020
February 25 2020,fixed,https://cloud.google.com/composer/docs/release-notes#February_25_2020
February 13 2020,changed,https://cloud.google.com/composer/docs/release-notes#February_13_2020
February 13 2020,feature,https://cloud.google.com/composer/docs/release-notes#February_13_2020
February 13 2020,changed,https://cloud.google.com/composer/docs/release-notes#February_13_2020
February 13 2020,fixed,https://cloud.google.com/composer/docs/release-notes#February_13_2020
February 13 2020,deprecated,https://cloud.google.com/composer/docs/release-notes#February_13_2020
January 31 2020,changed,https://cloud.google.com/composer/docs/release-notes#January_31_2020
January 31 2020,fixed,https://cloud.google.com/composer/docs/release-notes#January_31_2020
December 16 2019,changed,https://cloud.google.com/composer/docs/release-notes#December_16_2019
December 16 2019,feature,https://cloud.google.com/composer/docs/release-notes#December_16_2019
December 16 2019,fixed,https://cloud.google.com/composer/docs/release-notes#December_16_2019
November 25 2019,changed,https://cloud.google.com/composer/docs/release-notes#November_25_2019
November 25 2019,fixed,https://cloud.google.com/composer/docs/release-notes#November_25_2019
November 18 2019,changed,https://cloud.google.com/composer/docs/release-notes#November_18_2019
November 18 2019,fixed,https://cloud.google.com/composer/docs/release-notes#November_18_2019
October 31 2019,feature,https://cloud.google.com/composer/docs/release-notes#October_31_2019
October 30 2019,changed,https://cloud.google.com/composer/docs/release-notes#October_30_2019
October 30 2019,feature,https://cloud.google.com/composer/docs/release-notes#October_30_2019
October 30 2019,fixed,https://cloud.google.com/composer/docs/release-notes#October_30_2019
October 18 2019,changed,https://cloud.google.com/composer/docs/release-notes#October_18_2019
October 18 2019,feature,https://cloud.google.com/composer/docs/release-notes#October_18_2019
October 18 2019,fixed,https://cloud.google.com/composer/docs/release-notes#October_18_2019
October 08 2019,changed,https://cloud.google.com/composer/docs/release-notes#October_08_2019
October 08 2019,feature,https://cloud.google.com/composer/docs/release-notes#October_08_2019
October 08 2019,fixed,https://cloud.google.com/composer/docs/release-notes#October_08_2019
September 20 2019,feature,https://cloud.google.com/composer/docs/release-notes#September_20_2019
September 12 2019,changed,https://cloud.google.com/composer/docs/release-notes#September_12_2019
September 12 2019,feature,https://cloud.google.com/composer/docs/release-notes#September_12_2019
September 12 2019,changed,https://cloud.google.com/composer/docs/release-notes#September_12_2019
September 12 2019,fixed,https://cloud.google.com/composer/docs/release-notes#September_12_2019
August 30 2019,feature,https://cloud.google.com/composer/docs/release-notes#August_30_2019
August 28 2019,changed,https://cloud.google.com/composer/docs/release-notes#August_28_2019
August 28 2019,changed,https://cloud.google.com/composer/docs/release-notes#August_28_2019
August 28 2019,changed,https://cloud.google.com/composer/docs/release-notes#August_28_2019
August 28 2019,feature,https://cloud.google.com/composer/docs/release-notes#August_28_2019
August 22 2019,changed,https://cloud.google.com/composer/docs/release-notes#August_22_2019
August 22 2019,changed,https://cloud.google.com/composer/docs/release-notes#August_22_2019
August 22 2019,feature,https://cloud.google.com/composer/docs/release-notes#August_22_2019
August 14 2019,changed,https://cloud.google.com/composer/docs/release-notes#August_14_2019
August 14 2019,changed,https://cloud.google.com/composer/docs/release-notes#August_14_2019
August 14 2019,feature,https://cloud.google.com/composer/docs/release-notes#August_14_2019
June 21 2019,feature,https://cloud.google.com/composer/docs/release-notes#June_21_2019
June 14 2019,changed,https://cloud.google.com/composer/docs/release-notes#June_14_2019
June 14 2019,changed,https://cloud.google.com/composer/docs/release-notes#June_14_2019
June 14 2019,feature,https://cloud.google.com/composer/docs/release-notes#June_14_2019
May 28 2019,feature,https://cloud.google.com/composer/docs/release-notes#May_28_2019
May 28 2019,changed,https://cloud.google.com/composer/docs/release-notes#May_28_2019
May 28 2019,feature,https://cloud.google.com/composer/docs/release-notes#May_28_2019
May 16 2019,feature,https://cloud.google.com/composer/docs/release-notes#May_16_2019
May 16 2019,changed,https://cloud.google.com/composer/docs/release-notes#May_16_2019
May 16 2019,feature,https://cloud.google.com/composer/docs/release-notes#May_16_2019
April 04 2019,feature,https://cloud.google.com/composer/docs/release-notes#April_04_2019
April 04 2019,changed,https://cloud.google.com/composer/docs/release-notes#April_04_2019
April 04 2019,issue,https://cloud.google.com/composer/docs/release-notes#April_04_2019
April 03 2019,feature,https://cloud.google.com/composer/docs/release-notes#April_03_2019
April 03 2019,changed,https://cloud.google.com/composer/docs/release-notes#April_03_2019
April 03 2019,feature,https://cloud.google.com/composer/docs/release-notes#April_03_2019
April 03 2019,issue,https://cloud.google.com/composer/docs/release-notes#April_03_2019
April 03 2019,changed,https://cloud.google.com/composer/docs/release-notes#April_03_2019
April 03 2019,feature,https://cloud.google.com/composer/docs/release-notes#April_03_2019
March 20 2019,changed,https://cloud.google.com/composer/docs/release-notes#March_20_2019
March 11 2019,changed,https://cloud.google.com/composer/docs/release-notes#March_11_2019
March 11 2019,feature,https://cloud.google.com/composer/docs/release-notes#March_11_2019
March 11 2019,changed,https://cloud.google.com/composer/docs/release-notes#March_11_2019
March 11 2019,feature,https://cloud.google.com/composer/docs/release-notes#March_11_2019
March 07 2019,changed,https://cloud.google.com/composer/docs/release-notes#March_07_2019
March 07 2019,feature,https://cloud.google.com/composer/docs/release-notes#March_07_2019
March 07 2019,changed,https://cloud.google.com/composer/docs/release-notes#March_07_2019
March 07 2019,feature,https://cloud.google.com/composer/docs/release-notes#March_07_2019
February 06 2019,feature,https://cloud.google.com/composer/docs/release-notes#February_06_2019
February 06 2019,changed,https://cloud.google.com/composer/docs/release-notes#February_06_2019
February 06 2019,feature,https://cloud.google.com/composer/docs/release-notes#February_06_2019
January 10 2019,feature,https://cloud.google.com/composer/docs/release-notes#January_10_2019
December 19 2018,feature,https://cloud.google.com/composer/docs/release-notes#December_19_2018
December 17 2018,changed,https://cloud.google.com/composer/docs/release-notes#December_17_2018
December 17 2018,feature,https://cloud.google.com/composer/docs/release-notes#December_17_2018
November 26 2018,feature,https://cloud.google.com/composer/docs/release-notes#November_26_2018
November 26 2018,changed,https://cloud.google.com/composer/docs/release-notes#November_26_2018
November 26 2018,feature,https://cloud.google.com/composer/docs/release-notes#November_26_2018
October 24 2018,feature,https://cloud.google.com/composer/docs/release-notes#October_24_2018
October 24 2018,changed,https://cloud.google.com/composer/docs/release-notes#October_24_2018
October 02 2018,feature,https://cloud.google.com/composer/docs/release-notes#October_02_2018
October 02 2018,changed,https://cloud.google.com/composer/docs/release-notes#October_02_2018
September 17 2018,changed,https://cloud.google.com/composer/docs/release-notes#September_17_2018
August 17 2018,feature,https://cloud.google.com/composer/docs/release-notes#August_17_2018
August 17 2018,changed,https://cloud.google.com/composer/docs/release-notes#August_17_2018
August 17 2018,feature,https://cloud.google.com/composer/docs/release-notes#August_17_2018
July 19 2018,feature,https://cloud.google.com/composer/docs/release-notes#July_19_2018
July 19 2018,changed,https://cloud.google.com/composer/docs/release-notes#July_19_2018
July 19 2018,feature,https://cloud.google.com/composer/docs/release-notes#July_19_2018
June 27 2018,changed,https://cloud.google.com/composer/docs/release-notes#June_27_2018
June 15 2018,feature,https://cloud.google.com/composer/docs/release-notes#June_15_2018
June 15 2018,changed,https://cloud.google.com/composer/docs/release-notes#June_15_2018
June 15 2018,feature,https://cloud.google.com/composer/docs/release-notes#June_15_2018
May 17 2018,changed,https://cloud.google.com/composer/docs/release-notes#May_17_2018
May 17 2018,feature,https://cloud.google.com/composer/docs/release-notes#May_17_2018
May 01 2018,feature,https://cloud.google.com/composer/docs/release-notes#May_01_2018
